9831f816cd3678a10993e13b1b0f0c00:45-46,0
8c8e3756f1c2e33e2bdf17cff0c41344:1-3,0
8c8e3756f1c2e33e2bdf17cff0c41344:38-40,0
8c8e3756f1c2e33e2bdf17cff0c41344:87-89,0
8c8e3756f1c2e33e2bdf17cff0c41344:101-103,0
8c8e3756f1c2e33e2bdf17cff0c41344:415-415,0
8c8e3756f1c2e33e2bdf17cff0c41344:438-443,0
8c8e3756f1c2e33e2bdf17cff0c41344:444-449,0
8c8e3756f1c2e33e2bdf17cff0c41344:451-455,0
8c8e3756f1c2e33e2bdf17cff0c41344:494-498,0
8c8e3756f1c2e33e2bdf17cff0c41344:529-530,RgKfuLlgHtQ
8c8e3756f1c2e33e2bdf17cff0c41344:532-534,0
8c8e3756f1c2e33e2bdf17cff0c41344:726-731,0
0f963e7a387f594a4480d659240e9ed3:36-37,0
fecd0938974f710f8327b27d165d80e1:97-101,0
520a21c6ab559e7cd4da063b13b52406:171-172,0
520a21c6ab559e7cd4da063b13b52406:231-232,YgRAEz80s5c
97e2681293ddc2deda043c7ecad8e133:143-146,0
97e2681293ddc2deda043c7ecad8e133:335-337,0
8dc6d705bc17ffa0d60eb1c114883687:79-81,MqOcFdD1iNU oonPVQoopmQ N7MvR-gB7kc UOSTlboQf7o R15oLzDbhFE _kc_dHfh5OQ u0D363FcYSg Wd1laEvdboU 64j6xSkWDxw 0V0ZuK4SjEM w4rNEjbC4yo fqfbUcpzTyM GLzw0uj9Mwc yavrLZ8xbHM 5lF-etowCKQ 95BZXj6IVBk 5nZ-gZV7wYk maXnyK8vO3s
8dc6d705bc17ffa0d60eb1c114883687:665-667,0
6fca64c7246679bd9639db6b77f41915:38-39,0
db7a9bf5a7ef1026a0b791d6c5566e79:77-78,_7rkftUY6n8 zIqap_KjtBA pOiglau1Xrw hP8J6U1TGw0 48_tbH_ynGA POsp5Gq9eSE eQACpcuhJgY ocly4b7CKi4 LJKe2_vDpc4 cze2fkzXbd0 uGJ099LNjdo cqhZk3FqCWE zxp0qUT7KJA 5J4yiQK8piM tZuNDF8ELnw sYeW5KJCVmo mxZYG_WjxaQ dEZkChof8x4 oyaYIbZFo_c COQNisi5kxs KMRhoVNHfC8 2HjUSwCwyQY nh3wCZYe1Y0 UL0s0lBxhfI 7IEgJdqIMEA uKr1vaxhWow X8h8DmiwEPU LptQLAIVeLU 63BEVzithUw i31ht0y9qe4 xZMyc5LofK8 1ikld4976xM O7QUFE6b5E8 VjwEtyv8ZgE nrZX0PYyrEc KBpit-xa_zY 60SBfto30vo K75F7I6y6es eQz0jUVzlFg _2UKdzUi-T4 epoY7nM4Wn4 ZmJ994XD6hs 5A_w_7z2Hho xmZH4kIZFQ8 FDBHino8UFc 1bix-0rjDDg 8Tt3wzmL508 FFCyCN8kqVk 2rrgby5ac3Y DtRAVAwOIrU Od15g5sQPk4 -DI84B_NJUc oUT0oSvWnZk Ng8UEF9LjaY dGSioq6AsEM sA6wLSEY8h0 HomD3cpmmx8 i77Cx0oC6Cw Wc7XMZDJ6mw zZT-7HwpJhg 32lzPHaOFTc 6u28cVd4mg4 VxbVWSaTWGM BVXN_Kqtu8c k7LvoL2oQso tnz_ZQks6hw BRjuaGrwvWI LU_Yhz7Oelk b1RcHHdY710 RmWFcoW9dJU IxpMi6CBQ9k Opdxl0Naw2c LFEzUUmIyAs Wg3Xp0n6Yic ELFn6icetgE jmWUD7PCq2A 8aaY_VTB0CQ IZpkrsHSr5o uJJMymULVDw mggBRiJq_Z0 vxFn5eRjnyE K59hZ3zfdIs agwEj9a3--I pVnjh_zUZPM oqGMx_jRYw4 cmqFiAyHTS0 UTODxWSZr-8 IzXs4n7pAVw FcFDuhLuCM0 LjYZN1A1wQQ ajayjhAxRCM lvhnCWJx3-U xPaSsulkHoE vrIiGbfwwxI 0cCCOoaBSos X7phll-Xaik UKeReqA9Gmk Yw5aH_FBMjY uSdFJSFgYsw Omyvnj-zcDg -dsqzAxBch4 QInccBOjpLI bOkVBdtFu5U kv2-c_lBxEs 5Z_8Z_KqYn0 c8oJuibiG5U 0EYFiXnySHk FKq7c-CDUBM CB2S0GGt8pw 7FLByK9y-vA q-fIj7RiJ5s AcHXuYlCIdI moQNXFPBTdI RGaDXfh-qMA P6v9s1B3hl0 6jieyVUOKgM 6vEw5cDD7hQ -BG1RZA97js K_1imrb_VQs hDVXUrsCV6g awONZIWJZus OAYjfbDUXaU RE_QCo3zNb4 YORIQGCPVOU MFpUNKu_YSg 60XL-2owdJM iD1ozR6hi9g bt6SiquakkM oPlKVIC43Ag Yjbs9UiaR78 cPN_aznqoHE 7nuuZWBlRCU kfnL_B9-JDQ QvThPSPVs9k ZRrhlLqKtnE 1New4pGxZA8 nPn0-OjfwFE ZwBBpI9zaiA UimzytWin3o MUH_q1xgOr0 iQuwXMcpp3U MUmlbXYVSvE Ua41vM4iK9U tREGJlwH7vs WN86o7nDKaw QplVxr8YGI8 FnxZlOcHN_g yJ2BvWI2Nc0 V4MtmV6315g NMseIRbHj7c xOixUeWQQ0M 4rukcGFYmpM RqoJdktu3dY uNgKSWVKV2A PPXV71JchSw 1ggnFZUUoBM CnIosm_CzQo 4O5JjBR4jVE Jn8VS9yl4Qc KdUBK7OugtU NJoa9rWzLNo ddXwLRn3atQ d5OWGXhVfq8 m0gDwaM-4vw HO0MbF9oD3U jSOG1aNlejw n_oSjN5lHPA 2n_D0U_E780 QeSljBEm64U qgbA5F3L_Fc ALbZuS4NCtc CeXyEQIDx8k oODa3S3PcwE qWCJkw-d61s pyrrKLYRebI meidIuUDiD8 BIPVWSTmwyE GFtPJ7PafS0 0P_Kk-czJh0 i5YDaRP7fB8 NfmLJen2aNs TJl2HfLC4QY HnEYtKJF1_w 5wp9T_gTjpE EcI10Gx-WwU Uhl45QhvrqI Ebvvi9kIzC0 835tdupjT-E 2oQx1mrSIxg PHbQHlH-cr0 4GNUkgJAjxA dZwYnU8fCvY aZ5FBvMqVf4 zgADRW4GHMc 7DGbWFkb7zI wZBuZpmkVNY 5XeTPTxi5cM qP3jpLXYCu0 WHmT_hUg95Y 2hjjDe1RfnE ZWywqc_WT2Y 25p6IHoSXYU Qi8jwg6dCKs tCQ-cafk1Hg pCVpFnz3PMI y8ST9_4Snqg aMxlZRfwffg eJmWZNG9HFQ j17nzcefRos Lpqgi-PZJME Y6kh2P2jnlM gGGfk7pt_kE FUYHKqVAIn8 03ESZEesB8o FwPWuZ3rzS8 ZkkgFZgj1Zw cpsmpwJFwIs 2XTnR-zLUVU M5y-xevoTdY a0IxzViGEoI myNoQSxTyMk f5dc4lICHvg n-OMoTJxiNA ZTvlcUwMcHk pQPK-HRPbDs lhGjYqTiv2k LHNOYWpyqvA EGhuHybU8Rg 2a8Eq5TZtL0 F-dADu7H5kE hZpc3Je-U0M WYgbTqV9ON4 BvVbUDb80Us EdxXKhP2Lp0 0j9F-9tzOoY dNwNaYCUdzY Ny6B9zevpyI 5KrLyxgV9w4 eznrg1iPzz4 MgkDKNlZNhs nSOfJs9y5P8 g27e1mEmkfc mmRe-M5jg9Y D16KzdAnc44 UsyMAWfR91g sjuCfZRVY1Q FVrKlY9NcOE oVYZBLU1ZKk CjZzkKuNTW8 t_rIGxRvf60 8dKVUF4mNP8 IaJAnSCe6MQ UPvqf_cuAw4 PrNooYKy6Do EzN9C5AbbvU Lh7UUXxnoPs CB_-rF99yDY CwMybE8f-Ek TeEXu4CiE3Q snwkXVV-2I8 SCvVWPkbvQs ZmFyNIndRb8 VW5NlWx30iY agFQ3SMlHkQ l1AYsDk1K34 R01n7Tzgoew CAynMvmYePU zjV6QUw57Ow p3RIiD9pLKs Drp7Xu3yb4Y YcxvuILcup4 aBIscXxVLCg 6pY8cYZE01U VKQDW-WtM9o Co3TgKSox1E NHVmEDibCD0 Q1fzsnzz5GA BFGNSyAtlt4 qasvwzzr6hc Ad2Wo3fB4_o T8w04oAAV9I ww9t4wTdV8g rzq35wijDQE RxyTWsB5dPM H9sBKUQipeU 7GF76do_h68 EHNEzcNb4Gk it5nCl8hYn0 pmfCKnSJlfw VBCi1wpHo8A gar_XpwQT4o PnFCu_v6NmA 2hIlsIExglU UxpG92MCjxg _o1J71Q0OYg p5PL-0hFn8w ucHL_dK3Mcc Y9MdgctVsjs 8QJ6eJ1VO20 JwtRWeCyaEI qZvh0qjb7D4 44AXevNa8eg ma2LMQ7IRzc -GNU6Ed1sUk eJNvItPGh8g jLOj233XXrE mACRnv2DWig -Bpi-5iOF1A 1idGqOAMvl0 cwPG0ojYTRw n9U0V2VOaXM MAGnxDalYqE E6iFKXLvzK4 o86-_fZ4yMU PMYePqJqd1g nOIqrgvJa_A 9wW2_duQo10 2b6c8qqhu_s MKptiVsNs3M rJqswSOx88U PAlxASIEbJ8 IQ5EsfntPDA fZdtAh3WxBQ lWUndNgaPdQ 82yv16CIzuw mhwkAl6-UgM 12bdOXg-GXc 3NvPO0Xr86M Lq0H4dSzGqE dYSEFzuBhL0 1aZQIKzDdOo rHQ9a7ZUtx0 bw9TcUTqjs4 nUgId3jPJP8 FDsAfdCFeAc LNelGppntrE RvBJsjzEmwc ifQyz5uij7A C6CzrIOZGCI llM_Vdg4JEk MfhYLl3C9aE vQ_kUI7YP9w qzJ8fKv9Wcc 4JUvijAXyLM AKh9iencIrI 1IKN0XZd400 XVfTvNqzVi0 WWNPpY2g60E _J2Xt61n0Hs bdHn7zzTPhY EpkrtX989r0 QjfvxVLYyMo mJjWpNShGA4 Oy5etbYT60w TkgBKwblbFs D8VFuS_rcdQ FN4N4ROG8R4 xguWiXw1Vyg 3-FpwgZfnjA 6lJ0HN04sAg p9D-Fclp0pc 272UNSftFpo jv7jPuI2AyA R2rvy1-PD3I mt6v8hse1C8 BncFWfudYGc Ex62vU79pco GjXeZgpledw VFUC0hycoCA KiE4hu2CIuw YUEgkISsSYM 6f1zg_Olm_c 4uXZdqhBwvw hhl6zDjdhkY j8v-fSekA2s rKtK9XXD5Q0 ApE3A9p7BJU Q2VYbOQH7TA w0uFDJsW1uo oEkiz_UJkw4 x7cnM-_2DCk LxoogI0DN2c bnECr4fXUXY LvnHPMFprOQ ncAU4eew12g jer0XxA8ujU aGpIW7EQ0-E PWZlI48cAh4 A-Dk0IsLlVs sfX4RdDD0MY 06izNc5yiHY D784iQnxIY4 u8dHsf5IpXw e6ULHW2kM9w u2GgaxjF4jw GMGlKkX9YQE 8Q0LErXV-eM RM-1AnwRsg0 fKfNSoosHc4 NCu8M_NA0_g mM3E-yOGt94 aFwP7f0C0Yw 1HaVPT8MQKE v79mDXqfz2k oHz4T3ENBjA 3CuXJLfXiWk _DSgZ4QWdeI bmtOTeiRNOc vr2K6JoTuTE QgthpVF50D4 ysRl9KLjz_g r4WqHV1ZAns wpjYuFidTa8 5DAMxOHLtEk ZsyH8AjwG6s an6vzSQ5-S0 gurThJS4M00 yfxPQP5rFRE 5Kia89Kk-BU mieMntFYwpA OU-CZ8zjrHg hE1Dkpy9BjE viFV87NTNJI XkkwF3VsIKA TiawnqwfRsk FfEmA2fC0XQ cZ6gRUoFoow i7YGLTDSl90 mdpFmjVZm6Y 8Vfwa1ExqLU cdBlDCOZveQ oOkM-CenjzE 12JWRWDb2JQ 8i94Xkxo55g TNAA6cxuUks r2VQSl5PEL0 IL9dGGLiEYY nQdBNcTfqHA wTpnFZTqN9I 9laOQ4OZMQ8 8VnyRVdW4tg F3qKqpBG44Q oIGaNBs4dKE IgUZsy6BeAY UHXLPj2fY4c PUy51ArxnmE 4gTsoB8U40Y oXd5ctuqRRU KVopcwzWg_8 7WdtRVi74T8 _Zj4BshZRew bPnyNOAKTQg PWSeeYe0o2g U0COKWWJq38 Kv-a0WAHoKg sMDTSwmgCDU 2O8HVpfUlH0 _wXZ6kJSneA elTlNjCWmJ8 EagN4Ozb83s MlIEponL44g ZH0uUXUt8kI Vomeh-REudU rMi21TkOnhE pB65B7gx0hY 0LssNtGaAmQ fGYk_vy9QSY 8Sc0iUp91NI 7iklFyHsxuQ dWubz6KfORQ oZxL0-A5sRQ SjIkZNXyiTE RDVsI5lCOD0 qnoz-8BsVp4 bWO0Vx6thYA q0LFfqj90Zg fPaAjgrJbZg INzwLzCrQoA eCaUOjxaj3Y J9nofUpvxk4 ElJF__8lCsk -_oGyTtW3XM -b69BBTWssY YOv4GJx9EFo PvAP4cGyz_Y 5MiOLZ-J4Gs s3DW7Yz5aVo 6Dqv-rctL5g AqeF5GE8SXA 5h5RxMC2Uqc JY3ukxTYShE nzVxb2Km4U4 n5MvdN6SJls su1-dbIslyQ yEt0nZzmQ4A WAXggck3JEg vw5ulmxiF9c g7c729a36f0 8BhX1jPoAno Xu0Hg_OtEhU uHbegRm1BOY yFX1WSDmsS4 qRzzNe2iNAI YXOdCmgnupk fyuzAwIfkBo NYdTlrLt2FE 653DmOtuUbc oCuK2Rw2YbA 6o_VlegDg1g w5fGfHXLw50 5U8R7WDbRlE WCAyHvUQO-g GPAoHTqK154 unBGi4niPP8 Yzs79vd-0R8 2CWwQ9aLNeo ytI-iTzsb4w iPtBcG0yuLk Ol3Ez8xpwYo VT-T0nKi-IA VAdjDtO8vkU oUG0vR4Fsjk kIvZw9ay6MI eqNJDF281Lg cq3WvaAFlO0 HcJIRMh3shs Lj_bjoz1Chw 1mbfonyIXv0 Oj1uQo0Rkh0 X8M9rCw0AIo QJd8DhtxMm8 Sspgxqcbq-U 4irIlQtiEMg CQdnrMNVsjM BVB6lOaCx5w yMH1fl4alEY WgCGhHdeyBI 0gooqQB8G_U P2kJ-L1DcE4 ZtOF6YCZcnA ECYIOSZJOnU pF6I-1my8RQ tn5HX440k0U LGsKXbzka20 BAPk7YtjHqA DG0lrwiufkQ 9EIZMnE8rOw Qezim_fpPQ0 FYtpBZ3gw8o Hct7GlWwy5Y Qhjq0-zPlNU HRTj36f-_UI nQkblayHQEs AaTQD1eF0mk 9njd6AFFT7U DLnUks7xNjY QfHMd0LIjgc q6Jnt7vJlPk lQSp2_kd4NI V9RoXiM5t0A HfC6dB3Lxt4 p4knlhWRixU NWrnz9mEACQ zm_blnyxCFU 2ogwyMJjj7I xSdayxASIM8 -QjfoVsQhB8 -KglOk3oikg RWkwEM0ow1w FTnFz6jzeio IkpSYcOxBj8 _U0yH7PoF9Q NOLfCGTiJmk 5YTp6UkzXVM Hg0Onojzg7s ko50db0d_hg 1k1SmIcndUU jhptseZUkPQ 6GPPsn2Sb0Q j4xOmoOkiq4 8MbFZ7jmMLw DYAChe3_I6g KEft8peRSCY ak5-kvGq5hU iUmgVO3D2GI coiDaFVHRk4 Wf5rFTXGx7E w9d2zFjbsno LHsEIUIPdJU 4DIDuOmyZ8Q trhcQphz3vg 6i64KMKVuuk ME1l9spjOVk fVQGZOKT2VU yG6LYS4iMIg qt--dOmnpyc W7DmBNcPpDQ VouvQT2AU4A aFKd8k4IVAQ tzLI4ZNC1G4 wdFoyrB5Xfw 7zWGUvVyfwk p7r1B7Vhgic NxRQBKi7pCA ND0vkSwcfjM _8Y0SnT4Jy8 RylHI7M1oI4 wosX7D48bZg _wwuoA--X8k qhX8mbkyI4I T1h8YlYpiZM vP8vz8ZoyEo FcUyzlTQAVw U4TR_FAEua4 qe_VE36wbqs _wlsdmc_VQs PZMCrkj7T_A Cla40B3IHM8 _La5U9jKRms QXqg-0KbPK4 D6GpI-SBKgs FbXTJR-8pJ8 -hEreJF1-uA Bnb9oTnRNWI ctFQsFyqMJg R_e0eTPi0Sw LgmTTCklPUU nS6XaN0w9cQ M44RKwF4N_4 RfkLRjg-Kac F3v8tUxEFWc 48ShQX3mNKc Aqw-XTTqXqE OBTIZFRnfik O0VFNK4ekL4 z9jr_Dx_NtM uLBIMB1ynvc Vv9EPFFBcFs ak5g0zw_0Wk WGVFTmCZd7U V0oLyLVrAms gVDchDJeu9Y zpvKH-lQXPg smHjFlxCzLI vTUTVlTmfjU GI1ENTfENo8 oFAtlM5PywI TFA_X2ezmXU AGmF_TN7jjk ueQ3VTWGnHw R3G7nb1WsUo -wuM021V1BI depPhxlJBfU x0WYLvzhb4Q EW3xAk_D58w ZfwyjAOqdTk 3ssOxccSgXo ICH-H2poMmE l62XZ_olcUg 5aSkzDkgfqg igUQBqM7r5c _M8mDEs2zEQ 4Bu7bQjGVJg ba30qNIsJWU m6pBmjM9yBA to9x1y9EwRU -JKsebIKD1E OfoO4FUqT5s 4SYeNyky2E8 dBC0LRanxIM 7mGual38kwg 2RwAonki45I kBeb902BaD4 MMOGo-1DUWY 4fKcuAKaAv4 slqQXj4QzIU eSNnn8Qo_yM 15P5ftANJl8 KG4klSl6NBE _xAAjU8X3vg 9WlpUFnkGDU lBvoiKxH3As OK0Dfk-6oLg 31vojswDBms UhQwbU3acqg PPSxocCAUQ0 WflOiFNc5Uo 7EBphbdE5b8 WdVr-nwBQY0 NJcYQBoexR8 TuCAUM51Dzw SIDG_rVDLSk kd93PH7BQNo egBDVQXO2sI ojxfzOi-5yM 2AyPpe8pUlY mEmI15R5QeM ezdxSpuKUdA TTbdICFaKds fn_JRL-Ji9E K1_5ZhFTWSk C3Rebcxf_ig yiMtHo1eaFM 7RxtKxMVgNc F-9U-3b9-SA 7L3-Iz_7ZsU kQ7h6UQN3cg tPQZGJI6iF8 SSEE6gark7Y 5lRX0NSVHZg I_QvaEVCTgE WTDaGACanVA vmEw3yoGg2k m-TZ4I2MVWo XcqYrUpwAHA wRQ_kyGzhpc 8thJSgs0Vy0 wyCuTSuVvSA _y6SZoFiwPk tt_7ur3zVCc Yw9LN6tYuHM oOxAoTTyBfI kXALRDId4Z8 VqXr-SlZZlU -OWnL-OGV3g GVDq5So8xR8 Pcvc0q3g7kQ oD4ttk3_AJg _EdmqKwH6EQ 0AVREf8G0qI wxBfQANu0bc 9iSv1Qsbyto Iy8dxmZH6U0 uxlrq7gGZjk KnEHo-B2Ik8 qTLX1aglNJg NBkXqsbVRVs 9EtL6Pfxyf4 rOw1IB2ggvQ piwXgeQPuAU -V5u5KUKz98 _zi5fqA2wvI OHscVzb99Tw 3qYrEQu9VU8 pSIt0HLrQkg _n8OY3vyQCs qIy5rBOaXb4 Uh5bdczUx4g SqauglpUF1o uus4-SID3GU 0WeoXNrnB7I L6CzvmLTEDU P6KaEuwtNjg mgj5G77IbZA ufqPppToPoU y4dV-Q1uCDI tJoauIfxB04 ZukK7JicsHU 5gMC8ik80Hk 8V3qniHoYoc 4xdxyAZQYh8 L9EbJKrF1Z8 UMVdVcz88lI LomalsXEpW8 fl7b0M1E5t8 7enf4RYbYJY klMGagH_NTU inKFukVPY-8 EYWatYY410o qHjAO-pPK6Y avUqaeanaGA q5Kk2O5pUNc xSwsvWQBras LdV_XsqEiwE sVWrsGsXgLg gr56kGkAz1o 4ipSMVW1tVs alkc0lYcSzk L4oub8hnRcs VcdPCFRgQmM AdGLlWOYZrQ FpEce_W7SYo hr1O9K4Z1Hc vrCz7yciu5o iluyyeoYp7g Sp3uljFWRgs BS7Q6DwcacY 2ybqHbJqSNU EMREkgmCen0 jYKNkmHKE3s IL4gm4EAeac DMFHOVbZ2AU jMp92EE3WIU Y1GBxtWfC7U -ezNAEHDOJE cMtGuHoKXQc Lv67yclPlC0 YzxyApt6zxw vw5hbqk51hI EGs_Ur64R44 y5hM4mWi82Q HQLSgYMnLvQ CtHMphjl3YQ 9KBKIBcDcH4 _I59PrtKbcE NAzobls8sIo qlRRG-nbex4 Ng9S9MFPtAI dbej35Q7vrY MW7KG7pK3Js ofjn-iFPYEY KyQbHZlZsDk eDjmlzxEUoA 5wWdxxae7KQ 4eF1r3FobEc gq5hSrOGGYM aKSDXfg-gAc N7ZZ0NU5VIk b9vzDeIsW9A Mk0V35kMzaE 6w4Ci0VtIz4 L3-eL4mvVJI rzmjWMGlWcY qgXb41a4gI4 dl0UeGyMocw 66tdOrwqNZc OQfHD3NcvW4 Tjaiv8myJMc FTnylhZl7A8 2RC5m4YgNxU nH7Lw0JqsLY KUdNotQc7eg UYb40BKBJ-s cKJAEHEwpEY 1aQJbf8t4WY ybn6CQsOcaI i9jS7wpdRRs 2rBRHseQgzI fJLL5zQDz_I mCEF9kyPufA YpXxijMc20M at26wx4kEeQ hEvrwfySzfQ o7v2oPuKy1o h2cpv3zCR9M FrB4EU2BXlc xlUTy6Kkelo mVWpcoclQEI EnmUl0QKVHU _66eACcvbAo qAU-jVaYyQo q_SSKq0IQaE 3tIw9Oeg5Cw nypXgaqCUsA xpJ24TEFItE g6GpZjEvKVU 3ViytEIByMA _N84moOFdsM r1Pea-Hdnrw ai-2tPl2DAE QXRbajNW8WQ WWMAxP3-Ymw uyqHO_nz3fc tJIsIjR6bH4 Qw4LOCtOukI yndHCcKrNrY KrJVgr_lHUo VibIGU6hvr8 oCRXgj5o-Rc KHkjrPaV03I 1g_iAT_hWzI dHeVvES5J-k 45KBx3TpAW4 _9uB4QLidR4 Sm9ik7D2NH0 ugFHsgnPw2k wstsProlPio QKPbcS0-PsU xhrUwZioJdo ySxejhWZM_s qZ5TGT6uwxg VVnBjboPZFA wToPZzsuxes rSDmjMYON6s BMF4QsgDdis V490rI_4cqM PK6FHfTvSLY VBKdQFD56AU xj8VllvPo_s HBWV0u3fLOg LYOPWHby1EQ vr5s9Xa_oGI _7i-R-W90gk XqnysmKy4AU mXJWb6KS3Ic DMK3z0XPTBA pTBfdHOE-_I pukFayt9PFI F_CP1ImuFgE Qnhl3PKckBs AFgf4bD2thE oqIwx99Xip0 _5wrRgpTvs4 GtlkYOvCb0c MliWMfOyL5o yJZaYTWTYoI vPGNeAYNWxE 77dYgU79xtQ 4Mm8qhkWYLQ H4D0jYAU2yk IdGZSNSqPmA 4vKwx0xP73M 3CsKOZJWJ98 TouUXQb0p0w 8HEvWl3KF3I JGUSXHmb9Jo pHtCaFYThTY BmQZrbLYJl4 pw7iINqKpGU _GiUQ-5kMzo 9ZrqN2RzN5I i_CttBtcGQU 6g6FY95DVRk J79kEpJa0Eg KGDOi1zKS3E myTtYwsVZXA OmbcVuUaEYQ -tJuOM17LrI HoNGCto8r3k D98hDk04zhM mb09TqpFmKc -Kjox_Vj_KM nMzVfjXX2oE Y3T6Z2XDPBo 50KqGACQ3Kg XTZeuD-voyM jt4OYAkEp6w orFsiwqrpTs uiUrkLsyVvs fr0ggFCWW04 fM8BakTBiI4 IKpwGN6sFJ4 ujNFT7rLWQg FADES_gmyOI 2GQWKXQfmqs T6Y7TZgZ6SQ yrBoGFL6io0 slwT97vFGZM jSJF7uddhu4 pEa-8UMiHJw lad8yAFtTag mABpOHC6e0Y RQt4k5Md2hc OVGTwa2rlec ORKZI5O0um4 67O8mnFHxMs fDeOrnkC4ME wDQjfGMKNgs PIemv0RcwJw sFDjSUYnJ60 KkOHD6fBToM ZZ9WxGWnKas csqzq3P2uG0 lQ2WLtVuElk 3nwZs52rDLA dCQW1tjQ46A 17KEZ-RiR64 IJY9zFcPJ6Y 46cE48cwjE0 xXO4jIoCJn4 YtNO9yr02u8 Fl88ebTI3X4 9TF2Zv82VhM qoOL2ruwJ08 BO4HfSccByU tmx3tynV8_c bFXxRKDZ_fc PGADTuklcF4 f8HssjPyz3E ujZWBPGPrk4 ota7-DJzGyg X0dmHxtBkTc P3YKejgeN-E 3EVy3HbVcE4 l9eAa75IPG0 CPxOUHOd2Fs wh5awWtFKFU UQwI7dWAIE4 UW5TCz68Q2k AzXdFpcWXtM Hz_5Pxi8ST0 m4NZ3LQFMhU ENLbnuaJfg4 sQk8aCnJiZY hixh5us3lUE ZjL2EqVeMBY tkNIGDDQsC4 3MOvggi-l20 DJfdp1CgJWQ k1MYBLGKbI4 2UVrSoVzTvc eJTw1iZ3qfo FPado-pY9HM hf8ilao8UIA ZMBE9Aow5FQ RSlTeh77v-g C4XGDGLYHNU e3ro8Cbdb-k JZntWN9tTTk xWPBIkxs1Jo VR44bmyHXI8 UWGOmhLaG9c pjCapsLYjuc nmwF3mTXz1Q e07PjKpRBCc MdmAhRQ66Bk LScXrHS1Zxw JJRAOJZOSEA 8qQmgEcVSsY mKtCBoBN-YQ CUsdr_VhpAE xTrJGEEYlDI ZJ7iS-5skpo 04l53MqHoz4 GBiXT52DCdY Ntzh36x0MzU QXiCKod9oCU itJwB33qVbQ PtZpWuKX4jU z9uCp_1AgcQ abLltKKS3pE orGs5jPWpYE 8uK7e7wv2mA mavRFtQwKZk FecmrxKXh-A IZZqdvxRrms -ff9BKCcltA Aoc_Wz6jUUg Lk-x6lfDoAE barYtM28JPQ 5vzH7QztETM wq3maiPZgKI aBTOucFVFYM MRd2Y3aWNik -x31G4bCfZw KzRw4tHj-ag G-pAraWmJ0A 0cWomrjbrLE qSwntGqDpqQ U2T_MJpyKgg WwYSGcPNCWU jcTjUpu7laE WWnqBPGZZZA lVe5m-8TDug 3Xg6MUZJSMQ xXnmBdFVPUg TiB924z0578 whzaJE3poVc r1fSRUEfo_0 Wo8pg7KdZuE ul7GC3NiZ1o UHtq8Cz7wX8 Uux_Qw0nObQ FvDPJe2BIeY HzI4YXESNYg ImtDVhKyjDU pF_yDuqzv9A _B72iTswoMc 6Zp0oA_sYmY megT0AyH5aY _LYKD7WEirA ZGzPTSWK6Mw 6d2__YrTaPM pE7Uoznxgks KMbepMSOtQ0 -rP7fIM8YBA xL8OeuS3la8 DiRCn8-OGOQ WY22Je2nuzk 9kYC8zYWLVg ShO563HaVs8 v27_zx4xTLs bzb5J1ckpBo bNUiAO1Wpno ooiMbowRFSs ufbBvu2Dzco wEpUM2WK7Us u069_sfVLeU P1QTqfmuelI eeunqn1kUh8 DQBhmmH9rT4 nbgG46CRGaU GhdCf53Fb7c VnpaBULSEkg H4mX6MqO-GY 1i3XlNFAHC8 HiPY9-8DZWA HERAYZ4F4NA UNMTUMAdFug tV4wWvhdYXM ffH6YomUXSE EIrLbsNuD3A Sby2IpezaDo bD8pe-2jOg4 A49oilHpxzY XqsebyKQ9gY 2CDWh4WhwoE gHt481nEimo efXQDv07flA 7jeu75KhL34 OS7b7zZko8E hiNjCghqkrY PcAC5083WxE _hrQfra8hAs pL2Evk5gMoA aOFCoUxH514 hOVSG7DiThc HGmt3UtNUto X2zcpfVVgvU _hq7LXZIrek Z5clm-tT1Ic dq3-qvj4CMY hamPc-J4ueI FOrzhU9OXg0 XZiYCCxG1kk dtuwjtAnZGg TnZr1wMSYEs -GtbewaYCYg KzSFdURb5Wo a9T0XPw4j24 XrcZwjb5sBU uRyPoCiMn5U 8T09dDg9r8A xU1Dc56CgL4 pd9lcP1BaKw K5qbeA-yu74 zA9cZodtMo8 e31krGleg5M SormPVOaXxY i_jJPMXkmKI BOJn_ZAqgHU JCAR9e-pUkU 93Tp9bRjSiw J6h-Huzc2I4 6Wh29i3xfBo BVCHk3QJnY4 q5I_ESGtKPQ UzTvz0YJjQw rHfci0V8gx0 _lw3GkbJOfs EehjdMRd3BQ TDxMXVNW4Y8 dZiv-YsqZfg W7yTqFrTQT8 0dvvsRstH2Q JINBeitdamQ OUpsQMtkGVk 6lLJF4LOC1g Q3aLw70EQMU F1wNF4srCDI qvuIkdjjlxE f-sMwgUvSYY F_g9bxqxVJU oPjvjQH9U7g 2Mt2PNRUqOI ZxPG6Jqh2Ro taS3XuPAU8s Ja4ZiqyUqko gnrX-0W_zi0 qncM_5yWpu8 NvagjTaKrw8 -OAxVPUBODU o4Lf5xuifZ8 RSJcR2JEi94 xlO842eCrWU 9KgfvNwT8gA 5bAwVyjL4xI s6JM19VdZXA XOMO8ozILj0 lOLbk89G4mI -ho2zSXCJGY l2qkmZr1ANs iJgzlBLV880 2wqq1zIYSuU bQRBsxTibRo ApNBRSxTxCY 1hZRmzvQRm8 sHgiDnlWPwM 4Rtb9KeMjVA A--hfHxUlvU 9jf0B-dR6o8 7hGi-doAVLA _ClvaD0Ml_I zuFe8DiQXn8 K-c0oQItfLM bMDdRkz-ZJ0 tLJzzes2kZw DKLZsAELJm0 D1xpHSF_spU zcsS1yv3dhY rNDVKaSwlv8 CrJjXUVR1UQ 5DWV3FkStrE Y9iMVM_4agA kGFXQKNlACM _uZtCNkGFKQ MCBmds-ZrtM SRJAlc77vp0 mUv8y6UJjgI a-6Wh4wYHW8 _-_vcd346Hg -bmV41Oq1GY YoyOsBWO_NA 5M2Uc0kSqZI v7q4YXgptLU CHQRBeVmYjw eNZAGTt93fU bm_zd0kebMo rDBXZkxnHZw b_gaYw_hpgw jh7LzVtTshs muySU71NJC0 4t7nWesEJ_o xV_Leda6kqo QXDrKLjjRog -IEK9oS3Wl0 aj9-VUN8ufM HPWxpT8JJ2U PVutIZgFLuY n6SkQxa9tYM lsaug8KRX5k mdXHjnSaBLA gGJr5OmBwTo cGTwb2sRcbQ Skbxkc1oAFs lhqLuSqUScM SCec7oqYpI4 ZyBjR-6mGCo ZybXj6SBjts PU0wOGx7dCE P12VCA5gP1c FSWbgtJdtww BMzsj7I6WVw B49dCmqVRBQ QDE88ahgLzk 3O7r--ABZ9Y 5j3xiiZvur4 1fG14mKmYwk NvBQ4_9Fdhc _b6rwtOvIjI 0-KjrHAIkqg pMVTjmGer0Y cfsGj4aAuRo YVWURvdZQtc Ff1jfirllNM 2eqXrWqTQXI J7kPBZCzEXI 4LBLXC_dpLY CaqlKJkZMoo _67Qn7iaDnE yHgOuOYxDUQ Z8QPIMmHj0w NiqfpIuPTX4
71f814b17c773ea7e8c29c251e9bcd2b:144-147,0
71f814b17c773ea7e8c29c251e9bcd2b:460-463,0
71f814b17c773ea7e8c29c251e9bcd2b:691-694,0
71f814b17c773ea7e8c29c251e9bcd2b:845-848,0
71f814b17c773ea7e8c29c251e9bcd2b:1092-1095,0
41c762ce9fc168f6aaac0439ca571edb:185-187,0
2b416dc14e35bcb68bdfc82690be537d:92-92,5gO1FVMwWZc
2b416dc14e35bcb68bdfc82690be537d:95-96,uz-zmWB3arQ vR_DQswNwxc -eJJnrrh2g8 tONnWfj3qdY 8C50WZrN6dI pvHi1KI8ILQ zbgSkGh9698 cAe5dkP2f3Y y0ysGT6uvKs ep5DUjTTI2I QMRFnSJN5T4 oWAuijRMb3c 2tmTOj9Jc10
2b416dc14e35bcb68bdfc82690be537d:97-97,0
3a99ba9561aaef62501f9490779bbe99:84-85,RS_R1niWLPo sHXBOUcd11E
3a99ba9561aaef62501f9490779bbe99:89-92,0
3a99ba9561aaef62501f9490779bbe99:336-338,0
3a99ba9561aaef62501f9490779bbe99:349-354,0
82146d909c533ad4726e89c8011df102:55-55,SNfBgcpObPQ
d821e1c229e0140f404ce4f5145820fd:449-453,0
d821e1c229e0140f404ce4f5145820fd:734-737,0
7b465aa355535d76323c0f89dfbec8b5:9-11,0
7b465aa355535d76323c0f89dfbec8b5:14-16,0
7b465aa355535d76323c0f89dfbec8b5:129-131,0
71f814b17c773ea7e8c29c251e9bcd2b:113-118,0
71f814b17c773ea7e8c29c251e9bcd2b:1005-1011,0
71f814b17c773ea7e8c29c251e9bcd2b:1012-1016,0
71f814b17c773ea7e8c29c251e9bcd2b:1046-1048,0
71f814b17c773ea7e8c29c251e9bcd2b:1049-1053,0
c13a222b8e60faf890a2e30d2c8c4046:76-78,0
015595004052893b082050a4cf8d4421:0-10,n9ceshP80vM
d821e1c229e0140f404ce4f5145820fd:14-17,im6r-sikaIQ Y2Sc0TUCxjE 10eMeIQMWno
d821e1c229e0140f404ce4f5145820fd:75-77,kswIvHppagY 5jlieSwynMc XMG3vYsTEY8 wurrVvSHPlU Eoo45o6GejY GaFqbABmkto zGUBDrzT5LA 7wH0MU1PM4Q 31oIhH-8hhs im6r-sikaIQ 9R8jMQENYSE 9TzAcgCGQLA 9fzgo6xuzfg GFtxlHikD3s QS7_Ol2st4I P1U7YJLsDVQ iedDteESOpc KUzxqVvFNRk DlMcfIgd6pY ayCzGQMItuE YLlhKg3Mguc dOOkCcx1GcA xdNfo90qx3Y Y2Sc0TUCxjE OzHlwbcaow0 10eMeIQMWno
d821e1c229e0140f404ce4f5145820fd:327-328,0
d821e1c229e0140f404ce4f5145820fd:354-356,0
d821e1c229e0140f404ce4f5145820fd:423-425,0
d821e1c229e0140f404ce4f5145820fd:536-540,0
3a99ba9561aaef62501f9490779bbe99:213-218,0
3a99ba9561aaef62501f9490779bbe99:690-693,0
8dc6d705bc17ffa0d60eb1c114883687:83-84,0
92480a650d7d6a827eea430a33e07e14:44-44,mFXdPJW4_es g3qlSKfZxoA r_1kBYUFjYk S-M5jdS9MCc 5sqP5Z7V34Q xzF1NATNzfc 6PSGix1ZcIU xR-BmOrUy6k 1h-rL1kaOl8 27Hd7NWvD1c vXJ9o3g1DPo
198848e2c4c6b430c20ea369a76b4290:379-384,0
198848e2c4c6b430c20ea369a76b4290:451-456,0
380b938d86a94c2c1c509da9ec6659fb:72-73,0
380b938d86a94c2c1c509da9ec6659fb:129-130,0
2893787c9cfb5ea34e2788b225bd3c8c:18-22,0
fecd0938974f710f8327b27d165d80e1:104-108,0
2560d646d23281f54a1086fa0f480cc2:7-9,0
2560d646d23281f54a1086fa0f480cc2:20-22,oIYXIlKgG_M
0aacdbbaa7dbb458aa5a4d14c9751f11:12-15,IrW7ycyjSDE GOIyt5DgB7A
8d03d516bf7faa42782dacfbd8728b1c:13-13,4yn7dhqu5d8 VzAUXsac9tw DygEZGxrlAU k_bcBWUa6Lw ZvPiDBwii44 0C9luZUEr4M
6a726f13dcd21e0066bc27bd9bcda843:306-307,0
89af765d9be347ec3f51c0b562400b20:33-33,2uW1ZRE-FrI nujjw0M7S14 m3hk882SPPk sWzRKJ7fSN4 o2nz52tgx_o fzn2CT7snUc N-TFtSPND6w iF97CR3jh_c 799nWdLiqa8
2cc00597dbbc684da96e5db6b44de876:13-15,0
2cc00597dbbc684da96e5db6b44de876:69-69,0
2cc00597dbbc684da96e5db6b44de876:129-130,OSGIYkVCLJ4 XMgroQ5vFvI LMw3sOlmtVY NsD_rHWqdq0 B_4-29bhl-0 qJMjDxNsJWc bivmuocPFRs tT6tMj1QFtc E0uqeE-SRRg H5zkRyMXAOI
b646aa1a82492ac369115a8177b3f67a:8-8,NcbTOYlgk-8 C8uFfNR64oQ ZnRlluMC3-M yuIoG1B6zgk
6a726f13dcd21e0066bc27bd9bcda843:0-2,0
6a726f13dcd21e0066bc27bd9bcda843:16-18,0
6a726f13dcd21e0066bc27bd9bcda843:41-43,0
6a726f13dcd21e0066bc27bd9bcda843:53-55,0
6a726f13dcd21e0066bc27bd9bcda843:57-58,0
6a726f13dcd21e0066bc27bd9bcda843:63-64,0
6a726f13dcd21e0066bc27bd9bcda843:66-68,aXsM-mNYoZw
6a726f13dcd21e0066bc27bd9bcda843:243-245,0
6a726f13dcd21e0066bc27bd9bcda843:247-248,0
6a726f13dcd21e0066bc27bd9bcda843:253-254,0
6a726f13dcd21e0066bc27bd9bcda843:256-258,aXsM-mNYoZw
6a726f13dcd21e0066bc27bd9bcda843:302-302,0
6a726f13dcd21e0066bc27bd9bcda843:304-304,0
6a726f13dcd21e0066bc27bd9bcda843:352-354,0
6a726f13dcd21e0066bc27bd9bcda843:356-357,0
6a726f13dcd21e0066bc27bd9bcda843:362-363,0
6a726f13dcd21e0066bc27bd9bcda843:365-367,aXsM-mNYoZw
6a726f13dcd21e0066bc27bd9bcda843:399-401,0
6a726f13dcd21e0066bc27bd9bcda843:403-404,0
6a726f13dcd21e0066bc27bd9bcda843:406-407,0
6a726f13dcd21e0066bc27bd9bcda843:409-410,0
6a726f13dcd21e0066bc27bd9bcda843:456-457,0
6a726f13dcd21e0066bc27bd9bcda843:465-465,0
6a726f13dcd21e0066bc27bd9bcda843:467-467,0
6a726f13dcd21e0066bc27bd9bcda843:534-536,0
6a726f13dcd21e0066bc27bd9bcda843:538-539,0
6a726f13dcd21e0066bc27bd9bcda843:544-545,0
6a726f13dcd21e0066bc27bd9bcda843:675-676,0
6a726f13dcd21e0066bc27bd9bcda843:678-679,0
6a726f13dcd21e0066bc27bd9bcda843:681-682,0
6a726f13dcd21e0066bc27bd9bcda843:733-734,0
6a726f13dcd21e0066bc27bd9bcda843:742-742,0
6a726f13dcd21e0066bc27bd9bcda843:744-744,0
6a726f13dcd21e0066bc27bd9bcda843:930-932,0
6a726f13dcd21e0066bc27bd9bcda843:934-935,0
6a726f13dcd21e0066bc27bd9bcda843:940-941,0
6a726f13dcd21e0066bc27bd9bcda843:943-945,aXsM-mNYoZw
6a726f13dcd21e0066bc27bd9bcda843:1064-1065,0
6a726f13dcd21e0066bc27bd9bcda843:1067-1068,0
6a726f13dcd21e0066bc27bd9bcda843:1070-1071,0
6a726f13dcd21e0066bc27bd9bcda843:1178-1180,0
6a726f13dcd21e0066bc27bd9bcda843:1182-1183,0
6a726f13dcd21e0066bc27bd9bcda843:1188-1189,0
6a726f13dcd21e0066bc27bd9bcda843:1191-1193,aXsM-mNYoZw
d821e1c229e0140f404ce4f5145820fd:0-3,im6r-sikaIQ Y2Sc0TUCxjE 10eMeIQMWno
d821e1c229e0140f404ce4f5145820fd:44-46,kswIvHppagY 5jlieSwynMc XMG3vYsTEY8 wurrVvSHPlU Eoo45o6GejY GaFqbABmkto zGUBDrzT5LA 7wH0MU1PM4Q 31oIhH-8hhs im6r-sikaIQ 9R8jMQENYSE 9TzAcgCGQLA 9fzgo6xuzfg GFtxlHikD3s QS7_Ol2st4I P1U7YJLsDVQ iedDteESOpc KUzxqVvFNRk DlMcfIgd6pY ayCzGQMItuE YLlhKg3Mguc dOOkCcx1GcA xdNfo90qx3Y Y2Sc0TUCxjE OzHlwbcaow0 10eMeIQMWno
d821e1c229e0140f404ce4f5145820fd:58-59,kswIvHppagY 5jlieSwynMc XMG3vYsTEY8 wurrVvSHPlU Eoo45o6GejY GaFqbABmkto zGUBDrzT5LA 7wH0MU1PM4Q 31oIhH-8hhs im6r-sikaIQ 9R8jMQENYSE 9TzAcgCGQLA 9fzgo6xuzfg GFtxlHikD3s QS7_Ol2st4I P1U7YJLsDVQ iedDteESOpc KUzxqVvFNRk DlMcfIgd6pY KO76Oy2wMr4 ayCzGQMItuE YLlhKg3Mguc dOOkCcx1GcA xdNfo90qx3Y Y2Sc0TUCxjE OzHlwbcaow0 10eMeIQMWno
d821e1c229e0140f404ce4f5145820fd:107-108,kswIvHppagY 5jlieSwynMc XMG3vYsTEY8 wurrVvSHPlU Eoo45o6GejY GaFqbABmkto zGUBDrzT5LA 7wH0MU1PM4Q 31oIhH-8hhs im6r-sikaIQ 9R8jMQENYSE 9TzAcgCGQLA 9fzgo6xuzfg GFtxlHikD3s QS7_Ol2st4I P1U7YJLsDVQ iedDteESOpc KUzxqVvFNRk DlMcfIgd6pY KO76Oy2wMr4 ayCzGQMItuE YLlhKg3Mguc dOOkCcx1GcA xdNfo90qx3Y Y2Sc0TUCxjE OzHlwbcaow0 10eMeIQMWno
d821e1c229e0140f404ce4f5145820fd:116-117,kswIvHppagY 5jlieSwynMc XMG3vYsTEY8 wurrVvSHPlU Eoo45o6GejY GaFqbABmkto zGUBDrzT5LA 7wH0MU1PM4Q 31oIhH-8hhs im6r-sikaIQ 9R8jMQENYSE 9TzAcgCGQLA 9fzgo6xuzfg GFtxlHikD3s QS7_Ol2st4I P1U7YJLsDVQ iedDteESOpc KUzxqVvFNRk DlMcfIgd6pY KO76Oy2wMr4 ayCzGQMItuE YLlhKg3Mguc dOOkCcx1GcA xdNfo90qx3Y Y2Sc0TUCxjE OzHlwbcaow0 10eMeIQMWno
d821e1c229e0140f404ce4f5145820fd:224-225,kswIvHppagY 5jlieSwynMc XMG3vYsTEY8 wurrVvSHPlU Eoo45o6GejY GaFqbABmkto zGUBDrzT5LA 7wH0MU1PM4Q 31oIhH-8hhs im6r-sikaIQ 9R8jMQENYSE 9TzAcgCGQLA 9fzgo6xuzfg GFtxlHikD3s QS7_Ol2st4I P1U7YJLsDVQ iedDteESOpc KUzxqVvFNRk DlMcfIgd6pY KO76Oy2wMr4 ayCzGQMItuE YLlhKg3Mguc dOOkCcx1GcA xdNfo90qx3Y Y2Sc0TUCxjE OzHlwbcaow0 10eMeIQMWno
d821e1c229e0140f404ce4f5145820fd:467-470,0
d821e1c229e0140f404ce4f5145820fd:516-519,0
d821e1c229e0140f404ce4f5145820fd:599-604,0
d821e1c229e0140f404ce4f5145820fd:606-607,0
d821e1c229e0140f404ce4f5145820fd:652-653,dxBarHpZp5Y
d821e1c229e0140f404ce4f5145820fd:692-693,0
d821e1c229e0140f404ce4f5145820fd:877-878,5iGv4eFHIpE UkV5B-7-SbU CnlC9uZq9js 0q4cGyqsARM G4iOly1oV_8 PK7MrSevaBk 3KJtVsC2_2Y d4hiiiohFIk 0hXHOG9S6Ik AhtlWMd2yJ8 RT0rxJwxXGM b8MbuAcI23Y P6oXjbwxStI BjqzkTuqasI bhTnT2b0JHI Lc9R5CsDinQ dLflgFqVeTU _I0hg4vcfS4 MK4T3xXBqRE q085ns6Doyg Bfk-YirNo8k dKBhEYlQxqI kavMcCF3qjI _zqdAHQQYkI -MB_d_dwwd4 OpfAGr6h6bk SbaJfK4Q5Ks Xh6l9EjD2GA HWZVnDIYAFY -ZsRT3kVUKU jA20qQ7azzc 5ibtsOv_lXY iaABsLpEFg0 sJ1gdHbgyZc RGsKtCMF5MQ kvLWSKiQVcg Q7VWijYd080 8zLLSKGb6x0 _T8WvE9mxMA 1c3x39TaRGw KOVeoOXLQ84 oLMwPNn7uLk ROLqVB4TmxM t5lfKqyHHak oTQOTJiLlwY tJwAGBfGa4w QZFdrcZbeeI mvabPcjmQFs nlH8opw4gJg Sqv66hX63KE X2zh-T1-PNM 17OmKvKJWRw Qf9iU2DQSXg lhprAGFLrNo D5T3naApbfU Ndw2urN3nEU QM-urk0s87E
19c48725f3a4b85ad4bd009e1e941347:211-212,12pc7AlXsns zXHxnK4SFn4 rJ1wVIm7bSM y1l8NAnwKlk ivKxB_AmChM qil230GfowI uXGIRAubd84 P777WsZUcnM n4N8Z1BDzE0 Ri80GAnLxE4 rlwLANxUwhY 9Qf6a2LRGAI
5bc5cc65991f5d7d5ac85786d07d92b4:32-32,nduAyHsqRFg Lsxs30SueFc 4_fkJjlmmOE
5bc5cc65991f5d7d5ac85786d07d92b4:45-45,0
5bc5cc65991f5d7d5ac85786d07d92b4:47-48,0
41c762ce9fc168f6aaac0439ca571edb:52-52,CCKcBraRg1c
41c762ce9fc168f6aaac0439ca571edb:138-138,0
41c762ce9fc168f6aaac0439ca571edb:153-153,0
41c762ce9fc168f6aaac0439ca571edb:181-181,0
41c762ce9fc168f6aaac0439ca571edb:230-230,LOhclR7TWnw
41c762ce9fc168f6aaac0439ca571edb:289-289,LOhclR7TWnw
41c762ce9fc168f6aaac0439ca571edb:331-331,0
ecc336d9ff7a84b8b31153fee10c38b4:99-100,NtJlUYcHQ70
c13a222b8e60faf890a2e30d2c8c4046:52-52,2zPB33x7kRo 11KZohw8b0o
c13a222b8e60faf890a2e30d2c8c4046:55-57,0
93629a195d8ff6fbc041cfcd9de025dd:30-31,rO1tjD19VJw TsgBJanHeBw uaSirXBS_vs PzpPqQQyAyo GYF2CIYf8dc sTLk3C0DG-I LASE9MFHEas ochcLpSHOIw JkMF7pHbLbY Bhll__x7WXU Ru97Ry7EEzw 3avp-3Ghmr4 JRDgMzFH0wQ 3rtzN_cgP7c Vqv3EC9ees8 1z0YAZds2hQ im_4B5xhk7Q Wm_iD_FCTPU mfjxOGw1mek PC7b_zYg2To BW9Ha5fM9y4 BvshhWE-gKo 8FhblWdRWu4 DdPTRGLMaUs zS5p9wwLz7I nAlLpL2aVcc 1ku-FCuzeIM Y3T65CuXwbo qbCHhv4RZzU WIH0hHIZPGU -ZFcQy1hvPo vzSkFqYnXOI IFfil4M3M-Y OMjGhQBcixI REl8ykbjUcM x_hvTmxIf1A 4lnIveV44To 7naKXKtJx_U RIWLyUdSaJM rHHuybzfFS8 eJGygNT1hiQ 5wBa9h7GzTc jNZUbzb2zT0 Sw9bC59YbS0 fHc53VD6e-c HHLwG8v65Z0 DTF76KBOKbA iFJh38mUrTs VzOd89JMpt4 4zygxyg7ixo ESBrAFzxhXQ kgNHqdS9hJ4 izE2LWO0L08 fChFFifxL3E hCKwNIQrYQY CstTo3bqI60 6BCtw9irF00 lUtEn8ZkLe8 n1jVirwJqzM XZUBA8HMb2U iEHiUAvNFD0 LX7IK6WAVFA b4DeENpGhBk VbEP3SipSNI RxuRISS87FE 3LLizA9q4wU vQtWz5FrKsI UsVTv9pafH4 Uck_xa_bmqM hiLBN29dQCM WVTnlU6rdg4 yzQmlGREZlw 2v411NLEOU8 NZua2JKkpG4 RUg8TCa7JRg CO45wBrkLFE nbxpnH7rxRI 5YfG1cX6hLQ 7_dihJF_VAc C7Q2OZSC69k yYCmc_WE-Go 0tQWZJ8mW5g 6RhaDIFQ8nU a2ILFKVCLcc romPpwEQL2s K3lVU-kN4n4 XkudXrm7e4U BWaap0Vlpdg 005o286wsG8 wscfrfUIhXw 9T1yzClm8zw pvEde5Y6CRM YstABhcFlP0 Y1lVAgT5_50 zRrBb3PFq1U C5P4YGJyjcQ Kj8T9rXkZgI _w9QktFCW1o 0uVmwazjX1Y buJtDZIgKO8 8gM7dXygNPU ubg-oMl4Toc ZQ7WxU2QFnM MLa3Hm0OPlU Htu4tTHtpr8 sVkNEn3NmGA Z5-W3_sXfjQ kO-bqMpODgg A-Njd-8kPMk jiNEK8yt-tQ 5M4rFP07j7M 7oY1076h5_w 8eCy4axCtEs swWc9AQSn24 a7VtTLLXR3E R6EcUyjuYpU o3PblUO8tDU k6VM73ZNm_U Gkj5dV02_EQ _fJI7bZYkPk oPnP2HlK4Lk TJoF60v5eOQ 8P-W1ThnbPA 8sp3CVj5FWw lvSXwNgHbBU 0HvrgLyqDy8 gn5F47QS27s JK_KToMvJBo 20YPPjQ9xX4 Y8ZgimWRfEI wLdUyozi4tE YnYZ0bkZhWM syis2uPIw5k kqWSGYnVKys nmx6gL-PLaM oFc19RnVa4w MGvLeqd_CNU NWdmM7lqQeg KpA3Mo7daM0 pmhwuR3-1Q0 rLYH4FQwIH0 x0j5E4gM9M4 mpy76g-BzQM wASHmwH15F0 mSRrRP5eB2w RnzX0VOkjkc adCJVjz0HdA ndelPTlHOR8 x4oMFHpqc3I _jW1Rp4TPyg 1V1kqO9GAIY WWg1qUdNv-A aLThCb1M_ws luG0rfDHtPo si2VkM796Nw n_GO2nVWCmI -88yng8jZW0 GmDYUbyE_qU sMAT2uJ5g1Y 9O6rp_gLwag 8NSoGEsVXbY Di2AXlmK20U 2l0AlQ31ZC4 WRUIlI2ss-g gMuoLnhlsvY bglnl4v2Mws f34-8u_vSC0 4y6FB0ekq_I WGQFNIu0PPc xS_MC5_ouSs y_YUCPx2r_E WVNK3750BzI vr5C7Eo-lb8 fO-KsSRSWgY axn9teI5k3s Jf0q4V--pdM y7WlKt0gpGk vTF0SrXEPQM rTp650JM0WQ PlIflyMj6AE gpPtGcUpqr4 QmCOiBluiWs uqf5HObbets cv6SXoO8whk GOaQ6fLlo88 do2loxN8jr4 5H1IEIMZ_ws tPYE2vU9QRY HXGkSgrl6HU 65PtOzo5vxo b-dw1vWm9Yg tApA3BBenCA rBu9-_KZCpo I4dz-7IbEa8 MhkqOYKeD0w WHnwwtunhvU ycujxYIkz94 7oDgr9mevE8 AvNCH-IHCgc F9bjGGFew1s L2_EyxMgq9o f9aKfgIDyGM AeWyxZ8OSMM we0JakwuE0Y RkXT2N_DDKM E2HCbat53yU msMYioWCDh0 Amt_vsxmjpU sGeIDFnseFI RtM6nTaFmUI ojEH2XMv8FI GuHB-11fiPI Ob_qt7oQLy4 2oyjkJfCX78 1EyJXpSkvpg JsvDkpV1tkM 4ECqhm-R_7E ldBVEW6zDCI JwkXgQA1XaM byZ-DqIoNtc pAIeZZTrM1Q oDoS-M-j7Eg xtibhC8zDZQ YD327DyspaQ vSTHsMYOqqQ ESZIGDMXICg I7BLJXL-Vp0 276NKSoAgQA bS6WC4_xgCs NoGf9AykLFQ DC_u_zm_8Eg vGkWcR0D1Lk 7jqRPO-WMpk ungaPV8qTKQ ALDTJg8gPVk lyoCx7f0QRQ t3KGMUVCJRI aT9_Gn-iZaw 43vnzOVUVYM UZKKgtrXidU xK80X0gKZac fpHwCMnHllY G9XxDQhSx-8 2wxfBGG0Bfg Qtl0hlXS8Sg wW0ftxfJuGs aYSaI2VXgTE gB4PtUN15cM A0Mut8cQ6eM PP4o3Z1dTec UJp6jStLDsY gL7bbICQbcw CIeE3quw8AA YPNmVaGmd7c DQvGDx8eleU wGrK5eZbikY hjmcEJYjxJU C4vNgxKgJcg c5pn-hGTx_Q 76IBp4pZ8wc rHWW_jrfTp0 9GIJk8j9jeg l5FfMEW1HLc
bfe6800b9279e88d6b395f45f39fbf32:27-27,0
bfe6800b9279e88d6b395f45f39fbf32:62-62,Bgw5Rm2Puw4 A0YKImtK5gc 0gDrcYolXbs 77oMQ8egPQ0 rq7Xjc3QngU BBUUwmFQiMs SBqIGSTwUOI euqX9yiChKU Lg4t5cVXR4g 3HyAGq-mPdA WEbIziOpNS4 priAIFZWQlQ YX6-4MsMOIs h-_jTi8TDnU xXO4N8QBe6A A9vioacg038 c2FHwVB9Wss MFjLS6bgih0 FC08SoJ47tg 0VY05cmbAIE I6vsMvTHoZs 9jwpVyMT64U YzHg8Bf4Gog Nvq9gAkJuWk GPNwUHGw048 vkLKsuQdiBQ ptPnUO21D38 z0ZPD_lVty4 xwXGfH0eIm4 sYNNgi3PkXY L0rax4Vitew 6jkE9JRWmyE Jux5PzODuJ8 wz2SnQkr630 HsUh64WxuUI 9_WFmneqDkU OOFvgsyS-W8 --8-oMb9t4A 2dF9bf7raC4 7HsI7ch3Zxg e9HVoZ88psE DgwEZqVGCNI 8ciKhwvpHgY sxILKOyzaiE 1vFHBL2uJqo hEhmL2bKwAo sSyizDsEp7U ovvWIagKr6U 37aKRHWbpb4 1Gg8TtROGmA NEJBosewfO4 dBsOP8QFiA0 AUuC5pAZV5A bRohvTjHJUY Obz1ai-yr5g o0zLxj0xzVw u6JJDYOyzsU HMypBYCvOkc nqhlH-9MIlM 4mhEPo8lsYU vh89Cq8X4sc _GGfUpZOL2U uTyTYz1Cko0 uk7Y3BsBOlM aeBCLwI-ELU PMHBxALsCro Y4oPjCdEb2Y I2PuyG9cqtY cZfLXJER-7w uKBeIRx79yM 0HNFruJObGc etSSdepCfwA oTks8CA04IA 6UAA3ELa978 Y2tV5ackQf4 PehoyzY1pJs uv9xfYHJOo0 KH2BAjcwR10 vyKImh-j1QQ OqlenmNYJX0 0sUm-VDgOkk e5tfAB-iPCM -n34fAy1160 OlHzgXo1sYo bx1v3fARViQ 86K4waw7KpA Lx80chG3jjc -76ymtif8J0 2dWHqojHV3Y bFR4Tn6EA8k LF80ouE6xFg 5yWwE8OAZJE ByyD1kngGCQ 7jjhVxSqYcU 1Qaa2KD69z8 lT8HGWOEAXU pkSWOSKlD0s BXfZ6PZp5cI LOIVKn1mc8E kg2eq7NnO4c MSM6UYvk46c xtP8V1UfXPA aPFX9sjU51s BPHu1Y16NSs t6zCr-_9pDM TGAP2jdX6A0 Q5ZNQzmrgxk efmt9chWUDY ZoKPXznvqes VcB7jjjsygw 8KdsJUe4mOQ lx55o3tPbCs 2-yRDLuiWOI hTIVvSm08fc arSua60LVo8 F6uprcRAlBU Tbht8G1pU08 YHrEau21Nks
bfe6800b9279e88d6b395f45f39fbf32:69-69,mvG8H9x-J04 wmAGD3rZMAs YRJW4DwwyIE
c2fd4b6be8c0a279837a85de05b70329:2-2,E-wg74XugpE b4Pt2xs4Xjc rfUsgAbHsVQ Wg2IjZAN5WU 8nCoJuhPPek
c2fd4b6be8c0a279837a85de05b70329:43-45,0
c2fd4b6be8c0a279837a85de05b70329:47-48,DNx_Up9dCO4
c2fd4b6be8c0a279837a85de05b70329:111-112,0
c2fd4b6be8c0a279837a85de05b70329:158-159,rO1tjD19VJw zRrBb3PFq1U
c2fd4b6be8c0a279837a85de05b70329:185-186,0
b34776109356f6b3e0db5cfa898560e8:6-7,Gkj5dV02_EQ PlIflyMj6AE
71f814b17c773ea7e8c29c251e9bcd2b:140-142,0
71f814b17c773ea7e8c29c251e9bcd2b:234-236,0
71f814b17c773ea7e8c29c251e9bcd2b:243-243,0
71f814b17c773ea7e8c29c251e9bcd2b:249-249,0
71f814b17c773ea7e8c29c251e9bcd2b:456-458,0
71f814b17c773ea7e8c29c251e9bcd2b:465-465,0
71f814b17c773ea7e8c29c251e9bcd2b:687-689,0
71f814b17c773ea7e8c29c251e9bcd2b:696-696,0
71f814b17c773ea7e8c29c251e9bcd2b:841-843,0
71f814b17c773ea7e8c29c251e9bcd2b:850-850,0
71f814b17c773ea7e8c29c251e9bcd2b:927-929,0
71f814b17c773ea7e8c29c251e9bcd2b:931-934,0
71f814b17c773ea7e8c29c251e9bcd2b:936-936,0
71f814b17c773ea7e8c29c251e9bcd2b:1042-1044,Pi8AzFDM2Ww zxvx9FezE_8 PrcMxNw0XXk yiUbiXSdHbM RDBDQchq4co SsCkctIpKd0
71f814b17c773ea7e8c29c251e9bcd2b:1088-1090,0
71f814b17c773ea7e8c29c251e9bcd2b:1097-1097,0
198848e2c4c6b430c20ea369a76b4290:0-1,3VvviWwT-10
198848e2c4c6b430c20ea369a76b4290:398-399,0
682bd63d6ebcfeeb071e436c389c070d:33-34,vpUHg7keJfk
682bd63d6ebcfeeb071e436c389c070d:114-115,#NAME?
95416e066d839e19d9e32617dc16b8f9:146-148,CMnDWtSocjo
6fca64c7246679bd9639db6b77f41915:59-59,WNzDp5depoc
e66f81537483a2a52181450eddfb8115:238-240,ABu6h4zqW7I zmzLDau4xdE
7b465aa355535d76323c0f89dfbec8b5:28-28,xyT-4D9J4GE
7b465aa355535d76323c0f89dfbec8b5:91-91,0
7b465aa355535d76323c0f89dfbec8b5:274-276,0
8dc6d705bc17ffa0d60eb1c114883687:85-85,9SUh_5rEeQM 7mhoeRSar00 MqOcFdD1iNU oonPVQoopmQ N7MvR-gB7kc sSOd4eMgWOg UOSTlboQf7o 4smTqQ6tSRE 3IQNnxIXqpQ 6d3BWUZKHSw EF9ETuIN_0k xznGYo40Xos DqnEGScVC3c w4rNEjbC4yo T5osWKJ_c60 xVXR9U2tb-U yavrLZ8xbHM NNPEk-l2uJw LrvSsxCNn-M 5lF-etowCKQ 95BZXj6IVBk 5nZ-gZV7wYk
8dc6d705bc17ffa0d60eb1c114883687:86-86,zM__IyIqlvo
8dc6d705bc17ffa0d60eb1c114883687:675-677,DUZJC2C1cJ8 zg20YZj239M N4dGicyXIUw
97e2681293ddc2deda043c7ecad8e133:357-359,doF4D22XYtQ
c4ea59aed7c795636147751f6a6727e7:24-28,0
c4ea59aed7c795636147751f6a6727e7:75-76,Zv1o7NKELPc B2UkoD35FQk
c4ea59aed7c795636147751f6a6727e7:151-152,Zv1o7NKELPc B2UkoD35FQk
c4ea59aed7c795636147751f6a6727e7:213-214,Zv1o7NKELPc B2UkoD35FQk
ecd26400af7665a6b1898ebdc4be4213:113-114,RnR-izJzB2o TiTcBqFI29U 4PKS8k0ugQA _G4iMMEtyMY WsJFl4rbtgA X2DCblwZ7Ws I9RMSNpkUng KjegykrB2Ws jsTO7P74i04 tEOyI2KuOkc 8YLPBux00eQ VtdLld4tWgs BkM3ovLVZO4 Q-lnRYRc-Kw 2mvRVssCKFg kpWEs_qCC_o teGhTuTR-eU ep1Y2JFFPr8 RpAM9-CzAhQ MMYNjSczzAw xo4FkdIytXc SpxwOEWqJqw ua3ecCIi4Ow iM-octzRoKI 8f3caqPkPdE GRjmaSWttbs by1lb5y5acU AgsOM3HMXT0 r1uKx63P33E ODxjFJsBNzA pcxWK7TLt_0 _iKbWGbl5fQ 1lwZQCq6o3E 0SsA01VrR2s PZEkv4t0ft0 X2SEnUbh064 P5wGCH4aox0 PCMNErJkUSI 8-JCjleJBHI kmcZO55sqUQ owL0RCd7AQ0 nREXXBYJUAk OaZWGzeNWuk E-jaLVf5E0U 6RJl6WogMFk puymbqcjwBo QV2XAgJJopA W7vwzdQb7co okK3Mzwr1ms pcX_TznmcxY mUDXZuWom9M QrhRbDOfeDk FwT908n0I4Y F5jEpygC0d4 OP9oohpZRP4 lLIGbBuSmiU NDXAJroakyI wUOT_wV7uio CQ0RLkk47NM R-mmjqnQf9k 2Y78EtMlhg8 aMEVPZmgyAg c_hG_RkpmDg YZ0M1cFiq_s ixNgLJI_BO0 VQfcovEM5WU oXdFwz56BPs wEKONzQvTbQ eIS-5PRC1bU 38w8n3MnKO0 bHaiWy7az_8 V_VsZRHn01U 5dwzL0dIa_A h2d7nvArXjM J226ESXE2mY dFKAjMBBRkU M7ZpLfhJeYk Qkil8ngPfGI Vm4CKIehUUo YU3OVvxBBdo YWXTZly7cgQ VwY6uAc9A_8
63a93146d89881c70d7f7c284db65b00:3-3,fHvUrAOJtJ8 CXFSGJFyhkc GQr_dT3PRis 9SfQ3WiJUmI pxtFDq2ZF2Y AYqKehh7l_U lCXK4_uP4sE
63a93146d89881c70d7f7c284db65b00:13-13,fHvUrAOJtJ8 CXFSGJFyhkc GQr_dT3PRis 9SfQ3WiJUmI pxtFDq2ZF2Y AYqKehh7l_U lCXK4_uP4sE
23c4cf0d73275c2d45e8ee8b7f616110:22-23,vby98jzm4JE kWjoOUVOAnI
23c4cf0d73275c2d45e8ee8b7f616110:25-26,ERQ5oSTyKD4 PHUI_Dc83jY
8a8940cf0ea9225c647f4f3a54059563:9-11,jwQ5HdZeVRM xiuhTkGIUmI WOKkhjP2LSY qfb7HUE9MSw blCmY_U7UlY CMi10juNo_Q fS5tlPzQU0c vNOJSpEK0AM nQVfn8oq6rY daWbOczfX18 3VkLL4WJPSE yzcDi2qLcEo LPJVuif13bs leTf3gRGBns GJdIyNIQjMY 5-DNItP0l98 xw_UR1IC2as gK0mWDnjpVE 6oD3E5-1vg8 lf3NVsOE3gc kSBwR9SIWWg riitKIagsTA YZfEOgyrRIg AhwXOwJ5UNQ ZVwLV9g8SKA -1qf79B0fYA zPSUykZ6CIQ qST1-qRfIUY tphDe_oZdbM 7MtvYkviN3M A5zrUSQu284 KCpC1Z_5Ap8 yLBTZjaY-X8 mZJoTIpqzxc CxtF_y7PTxs 3ITchcRC558 I5cTEfqLZwA uWGq5y42z0Y llf43j7KKBY YhlqzGf4_Qk MnHgAErJsFM AIxr_w3VRg4 mbTp1FaS754 LR3A5kVs_94 h9hGmKXrXvE PSOooyotREY JDEBwRQjSWk NwKvvFQivfQ kidqlLxucqo tOkmQQx_Lv8 ZdGaUweD1aM ff8beu93VRk uuS11tQ94Qk G7ZZJXotTag cRF0rJw8pgA klurQ9Ccxbo Vh4fA4YdeYI zHhN5AXFblI rwc4fGa_iZ0 Xr88dWwOLU0 x-ARq8hzS7I N3XHFRc7pAI rPDdImprCj0 y-qIuT_TQHg aPeormt4O6o wY4r2UlDtIg gAxEqs7GEXM -30aqZsuu3o PBFXqtxGrWc I2vlQXsB_Hg QuMm5Li-JrQ r4r_SoDzE0E r4uF72Bg3UU e3H2dWca9mc -5OcGXZoq9I 5vY6YFz4EEA tEWkKjv8AL8 olZzqwzTmOM TUlGxg2fV2Y RO-NSdrTDac cH9LggqMH5Q OvIqgpcSnWg NSUXBnSkVTM OaKvllceU6g BVr5lcEapoc XzNSFICXkdg bE62FuY-Xc0 d2jtIhsYreY wCs1rlqS9yI GC7d8acZYec 6wtulUdY5Gg gXcYFrex1Do ptSykNZT2sA b0YmZFm0qxE 2-JenANmXak kaM041UgsS4 Y3e1KuRdTT0 xFVK3bJHRpI l5SXndw8tDY 0H6v7lmvQeI ZR2zzDkdO-Q Z_FWNhMFKqI 0Xq32esMZ3s YAUDTUuB4pc RBdimOrTBYc KGKXHhQc_zo Oc82WwEPItg XMycPfD5KBg uIcHmSqU93E NBZCn2VHVsc SgBDwREUOfY 5q-n9ZGZ-4A miUAsJuboZM hagpaIqGzQk j6ZJw3hjapk 4u7sLtFnoKw T4AcEajCcVU KdWoofrCwS4 m6f9enLlWZI R73SMnSPveo WTOO7Yt0m5E DaWIIU3sfEw ug4X6WAwZww jzef0hbRMgE FqeC26CNvcw elKvW_Ovcog caCFnLusZ-w D0D9P_P3qOI vHb9JiWTk74 o8Ins2sPlWE U2l4lvA2QO4 HD8OhjWT8ns RCHH6UVkQNw oqYHUEbpZV4 zzZp64FxOaM 8bJbTCykIho BJO5V_zdaLc N2zvZzh6OJg AYRdAzOaSSs VosZy38DS5Y zC3cLgERb4k zR2OMLn3g2w 5MHld8yowdM TR8gszWIx3k schuasWX9PM pD3DoDEmSIQ -BLpIWRrms4 BaAX2UsDnsM tqeo4QexNcw Ivgnc2OR8jk 4WEisygOxL4 KEpcpp_7fag M3a9tyXoTVs HS9ZTqxD4Ys 5kj46Z432lA kU1OB5ouois cde0Bdc7LSw LZhv4IYUpOc HEjNkm_7b84 mw-YvUzRHmw 8HzgdsL6FU8 uHbm9T2fhgQ YAJBMhPsznk 1gdHuwVaOFU 3CgTGCgqy8c Mf17EvB7uBU Jy2292p0IpE
fbd3e74e8c5da6feec01b619d74f8c77:3-4,0
fbd3e74e8c5da6feec01b619d74f8c77:8-10,rO1tjD19VJw sTLk3C0DG-I Ru97Ry7EEzw JRDgMzFH0wQ 3rtzN_cgP7c 1z0YAZds2hQ Wm_iD_FCTPU 7naKXKtJx_U VzOd89JMpt4 4zygxyg7ixo izE2LWO0L08 hCKwNIQrYQY RxuRISS87FE 3LLizA9q4wU vQtWz5FrKsI UsVTv9pafH4 yzQmlGREZlw yYCmc_WE-Go Kj8T9rXkZgI 5M4rFP07j7M o3PblUO8tDU _fJI7bZYkPk oPnP2HlK4Lk lvSXwNgHbBU 20YPPjQ9xX4 syis2uPIw5k mpy76g-BzQM RnzX0VOkjkc x4oMFHpqc3I sMAT2uJ5g1Y 9O6rp_gLwag 8NSoGEsVXbY bglnl4v2Mws 4y6FB0ekq_I vr5C7Eo-lb8 axn9teI5k3s rTp650JM0WQ PlIflyMj6AE uqf5HObbets cv6SXoO8whk tPYE2vU9QRY WHnwwtunhvU f9aKfgIDyGM E2HCbat53yU msMYioWCDh0 RtM6nTaFmUI ojEH2XMv8FI GuHB-11fiPI JwkXgQA1XaM pAIeZZTrM1Q xtibhC8zDZQ vSTHsMYOqqQ bS6WC4_xgCs Qtl0hlXS8Sg A0Mut8cQ6eM gL7bbICQbcw wGrK5eZbikY
29f05a3448b342b323822f8608625dd2:9-10,Un9l7WnJqrQ
9f3d174fe6fdae48f32905fa8e383abe:14-14,0
9f3d174fe6fdae48f32905fa8e383abe:27-27,CQR8tsZfFXY xwkRXd7CMDY
9f3d174fe6fdae48f32905fa8e383abe:30-30,ubgMnS2u8xk
6adfd1f881b6c599c496f8312b2085c4:48-48,kM4vuegreqQ RLICHMPY1KI KiGQbZA8VyQ uUkU-Sx0ImY W4-fzaodn3M 6sBv7noWuJY
6adfd1f881b6c599c496f8312b2085c4:181-181,ZzN4UgcHLxI vppcpN5je48 oMoqZsz46oQ SnMd59fcUHc
380b938d86a94c2c1c509da9ec6659fb:23-23,0
380b938d86a94c2c1c509da9ec6659fb:31-31,z63XY03zB90 NdCCXdsXONs
380b938d86a94c2c1c509da9ec6659fb:175-177,oM6ac-2nyMQ msD1ENhpSGM
e92b5121cf79d94fe48c0f5c8a28bdda:39-40,0
e92b5121cf79d94fe48c0f5c8a28bdda:51-51,DHvXpwXhENw dfHc3VDcZzc cr2lzOoQzvI 9QGWcoo8byU y5YYKA8V7L8 EnvZf-MFMAY DHpnvmzIUjs 1fcdyTJg1pk d32l_4P4g4U O2XRefCy6nE cf8X05ZPjAU vkUZwjvziOs qo1B1S2tpJ4 Wl7pGl5O4Qg ooH-8Fd2tOw H4vdElmdaIs c1rd_FSmD0Q -rhGZaK6dEM r8-yOb7UN6Y LzUqKYur5lc LqkzsDC5il8 9b3HS_rZ0wg -NMd2n6jwTo hpfy424Xbeo hBnkk-rNKDg 0RqKnaVBamU UI-CkV1gbFo gRen1X09Uco n__y8EysjEQ Az1sRgHYfq0 8xd1HEL0kUo 39_764s-UDI DQBFlvfwktA gVRp_JpJQOo hYilZsnUk8w _WQCVPYybm4 OmCa9Z6BINg 98EZMxFKQco weHA586rzoU kUa_wEzJGis OWw31L3f7uY jS-c3OwQXEA iQJNLhR41dE nrnbVBByEcY PItKzhIPODY lJBs-Nzbq_A Ngc28GaulHo OjFxfCGuxgs 8ZOAqZ3WGas PmkYmqlwBxk yeFZSA4tkYY lru4KuB0A04 oUkdZn46LEM WZSVgyejS-A Xnrkks7fabQ
3a99ba9561aaef62501f9490779bbe99:20-23,0
3a99ba9561aaef62501f9490779bbe99:77-78,0
3a99ba9561aaef62501f9490779bbe99:81-82,UNl74e_EDPU F4w_vI6l6W0
3a99ba9561aaef62501f9490779bbe99:210-211,_oSl2UMpkxI KmepMxTzlJs
3a99ba9561aaef62501f9490779bbe99:432-433,tBdfuMP88Q8 _oSl2UMpkxI KmepMxTzlJs
3a99ba9561aaef62501f9490779bbe99:435-440,NT2wlsoRRdg 6MkCw4zn1jg PeSTk2PyFw8 l3WTnWbaEFY sEI9u8GnoRU EgcWFSWgpKY BTXBbgs4gpo Pi8AzFDM2Ww 0VlvDe6lFMk _GuZbFt6z-8 nMBe3yS5yv8 zxvx9FezE_8 urJhj2hadnw PrcMxNw0XXk gDFaEgtB7b0 63xwAa4Q_s8 yiUbiXSdHbM PuzTKahdqVI tO3VEywFSXY 42UHyTbyOQQ 1CAi5zfJ8SY 23SIps-_F50 1DGMsw_DqDQ hDkP1-OqaCA 8EFzoaWKaqo RDBDQchq4co msVowkhYxwI D98slfwTmG8 uJUGASOdkp4 SsCkctIpKd0 g52nB9XiLvE oye-AnJw3-s vTQyQeq7eis
3a99ba9561aaef62501f9490779bbe99:673-674,0
3a99ba9561aaef62501f9490779bbe99:676-677,0
3a99ba9561aaef62501f9490779bbe99:679-680,0
3a99ba9561aaef62501f9490779bbe99:683-684,sjNOa1vu6NY dBuVaUT1xs8 _KyEpDlfiYw 9S0DhKjAkwo
3a99ba9561aaef62501f9490779bbe99:686-688,0
3a99ba9561aaef62501f9490779bbe99:694-696,xls3C8UwhRg
9831f816cd3678a10993e13b1b0f0c00:32-36,0
9831f816cd3678a10993e13b1b0f0c00:50-54,0
9831f816cd3678a10993e13b1b0f0c00:57-60,0
9831f816cd3678a10993e13b1b0f0c00:61-64,KY0jmObDCxo
9831f816cd3678a10993e13b1b0f0c00:65-69,0
9831f816cd3678a10993e13b1b0f0c00:70-73,0
9831f816cd3678a10993e13b1b0f0c00:80-81,0
2b416dc14e35bcb68bdfc82690be537d:227-228,v8g3lL0Rew0
2b416dc14e35bcb68bdfc82690be537d:243-244,0
2b416dc14e35bcb68bdfc82690be537d:317-317,0
82146d909c533ad4726e89c8011df102:17-17,V-V4P6tLbyM EKfBlf8OSi4 oRq8kVVhFaY J3UJdp6EnjY X5mL5kas8EA 7GeEev2Zin0 OX9RsLXuD_A oqoLS2PidwU LyramIzPNXI 18kqiEWqtq0 XNoZB88j1DQ
9e0ecbd7066b032de0ec3ef4b2e6a4ac:76-76,Ymt5EbmrzII
ee7ff532cc529538e2095334ab0a1d0c:25-26,0
ee7ff532cc529538e2095334ab0a1d0c:42-45,ofEm_taKED8
ee7ff532cc529538e2095334ab0a1d0c:95-96,0
ee7ff532cc529538e2095334ab0a1d0c:147-148,LLjUyQACjjc XmD-rUyMWz8 dxlPXrNmC8k mrEkeRC16aw DJZpKMP_9bI
704cf122b312531677aa263bf58e3cc3:31-31,ODs7qfj7N6s ptBIkYDMNpo --8Mw_MOYyA kGFb4PXby2M 8KETFsuoP34 x4WAHQ5WYbE akvAXDxd1FQ aolCAGC59Qs h9i-4ZOY00I edO1WGb8RfM
704cf122b312531677aa263bf58e3cc3:97-97,hNUxuVo9Feo JyLFNfgYRBw Tir9ICOWcmU 38-JbkM6ZPc
f733e2812dab2384f852f57db1213899:22-22,2YALZazrnuM
f733e2812dab2384f852f57db1213899:49-49,2YALZazrnuM
f733e2812dab2384f852f57db1213899:52-52,J4T2ibL6gPU
4769b024406b9da2b0449bd5998066e1:29-29,xCWGgzBt_co
2893787c9cfb5ea34e2788b225bd3c8c:190-191,nM59lm_xBQA _uHEL4YBhO8 43tnUs7udeg O---rMZK-GQ AOeA-6ShCbo sZpSckgjx1k 0PMVf5Z9UFw _XM_kA_n2LA WKyV0SkvD-U FdwRlmby_fE BRKIsaD8sFU 8PUArH1sUOs vL8M-nbzFQ8 LMvUwHnxdDI 4TsFYgJ47y0
2893787c9cfb5ea34e2788b225bd3c8c:193-194,0
2893787c9cfb5ea34e2788b225bd3c8c:199-200,lqxllcr7N-A OxT025aP1yc _JqW67m7V7I 5Ixx67BA0VE mbm-24Pm-Jg QV2TASlPxgk x87OIFOch0M qNcuO6DyNds _kgARAWG4pQ 7NX5gqFzN-U S4ltIPMupnE yGdGA4VEwuc GDj8XYRrdwo rSnsy7d9f6A mo4NxkfckKw kgMAECQ93FY ewQ8SCpz8RE 7KNPx16eZA4 -hvcm-JTK-o _wJ_268Gbkk FfhBZB0Iv5k dv1SrVn1m9U cdz0iXzQ-lo MxzASmEj1G8 tS4p9nZlzfE Wesm6I8IZGY cPlkwQHxIiE 9aV5INrVo7I 5EhcogLK7wo A1Hvc8SeAMo RefWGzOirzE D1sNrHM6jUc yUhXG81DWGg SfxFPvXsdYQ jeYyZwHoksg -NTwzB7Z-BQ q47xVlY9Ysg zlSgmdqzzzA c2fiE9maNJ0 zry31F_QIN0 iGSoxz-zaH0 JdRSVsfv5kI mHsu_A42JeE KcWHOK2ph_g 9UfrfAgWgBg NmwVYXw3V5U d5itCO9Ah_0 aUBL5Oa2OK0 IUAyneRsFy0 HQL8ks9enFg kA-qP_x4XVo ChzwJIAqu2M k1jp49SNuek gkcS1Ai2QSs DMiIroKIKsw _E16btqavV8 VlYoIk1VQTo Gbr2UGbOHwc HxS6d5qszTM GsPCiG-lWZs YZLI9bFjkgs GN-v0bMHkhA -LfSpuIdKBI THEIiIDMZJI odXeMkfy5tc AOB5iKrYOoc Usqmg6wQg2Q UknFvJAEO_c O7s5AjLlhak jmsAjsBVVHA CTqJ51M1HLM
2893787c9cfb5ea34e2788b225bd3c8c:246-247,eNJOZk9YoLw PpzT-UikNEA 1NG-rg73e2k NcbTOYlgk-8 NL1nd1issgQ PTMovJFMXfY V6SySPG6JOs
13b5210fe8227946b61b7b477e9fd92d:11-11,sJ29vJvxfDc ulmCh08UPAY tOLDspuSr6Q ARASDodBxDA wGeL6la0dMc bOsHwWbDFOs 7qMnvnNiHKI qAPeYKSBqHs GPLrEB8I4aU NHSczAQATdQ PBFRQT2ICNw 1Rv5T7enWHM 7GzW3qmfgBk X6U2r_Y9q-8 mjt2W13djaM f-6g-UqT81c y8ayNWmR13o
141361c53f2549232d5993a511a31da7:6-6,0
141361c53f2549232d5993a511a31da7:13-13,1dXj_2rU4zA e4DmjkoUTaA Rnja2vYwDFw GI0KWPsQbYc 6gaSZrcfCUU azmyqpuDlbQ 1i4CAZfixL8
fecd0938974f710f8327b27d165d80e1:109-110,xJdc-TqFZQI U2Q37jO35oI JXx7qKe_11g NKzSo_gc1xA oBOaRwlnB0w
cb156466f8421ba2ad953b3d92679271:59-61,Zps-Cg9cn-I J1MuhuKe-1Q w345GOG2QBY dnLLh98TcKI 5M14rGOqhFU dgO-HoeIjWo iUSuCY-mDPw upokP3Psc9s L5sqyGWH8-Y F6Eg5wICrBg W7WHl8VNzak JZeQfWxlR_I Cun4cCj8oDA NYOkZW3Jq5s UQV6e_iseMU KioezDlzlFg KtzpKl1sYFU ObFyQ1aZ9GM XRvSNy8IS_Y VXHgpz7aTac eI6yNryHwUc QcNcPA7-oKw oHLy3oeA59M wy80-kiSH_I shgrNogiD7o c8mFxsBlweo wi-y7Af9GJI YQqD7YRr9zY odbTMleFVXY Lpz52T_AMIA h19npiyDC4g Tp5WAjyTmsA nRMgS1I1PeU X-w-NPNVvpI 0XlzEW-Fn8o A2NIYGYjE0Y _F03c0NTxrY
cb156466f8421ba2ad953b3d92679271:102-104,0
9278b3b4035ca676f75993ad11b0bddd:130-131,Hh1Utz2TRPA FTDti5gegE0 x4hPC1k29uw n-flnZQAanc hpt8yY488A4 X_2D00Cr7UI 4nGi6QT3WrY
9278b3b4035ca676f75993ad11b0bddd:135-136,Hh1Utz2TRPA FTDti5gegE0 x4hPC1k29uw n-flnZQAanc hpt8yY488A4 X_2D00Cr7UI 4nGi6QT3WrY
9278b3b4035ca676f75993ad11b0bddd:173-174,Hh1Utz2TRPA FTDti5gegE0 x4hPC1k29uw n-flnZQAanc hpt8yY488A4 X_2D00Cr7UI 4nGi6QT3WrY
0aacdbbaa7dbb458aa5a4d14c9751f11:54-54,IrW7ycyjSDE GOIyt5DgB7A LPVevkaRlL0 cbS8AE7Xxrc
5e8a1df2a7f57827718a75236bfbd739:32-32,YhfNoGC2DGE xDodwD-WwVI _-FO_EuDsAQ Gl4zezRzyvM rNsJxHqO0uU fvBob_Rl5E8 hugDsao9UyU _4URMfmUthY
0f963e7a387f594a4480d659240e9ed3:17-18,2Qv0xEKgQYA yRdLJL2UZx4 O5cuwK4-Pbw lbeM4MrejqM 8jO_u_ry170 HDzXDqM58WI istHWhnHiqw KN-LgdXOAo0 fJHmUuh7His NXkEbDhVshU wpMNMQOaV08 NfL_F--Jf8M FCjXEaLifaA PjzBqBffm-U ynhWDy38r2M yae8L05MzRY
0f963e7a387f594a4480d659240e9ed3:43-43,j4QdIVPCgQA ZXQ9WZeIN5g tYDUK30bON0 yRdLJL2UZx4 7hVgupqy5MM SpgDlTKWLg0 O5cuwK4-Pbw 6QyAh0KgQwM TTVXwceB6dc esBRypS6J4Q em7LF4UFOTQ n77CFoLIYVY l1YQSIbeGTY 90P-_yg8zhs KTSlFc_oeQk BGrJkKASgm8 6K8Zm52mXFE 4swJDmynUHA 3j2j1XoaFGM au6Xvx3lcfk BwStclNCtPY 99VUODogs_w 4IGNRg7Lirg wOKTuO-Qkf8 KN-LgdXOAo0 M0IWBKgmY78 UeYJxrtM0Aw Mpsn4TBEgwc pQuJoeJcuhc -3ZdN0Kr_Pg fJHmUuh7His pBWuMLyEFY4 5lGeyyeUehM 3EbOjmkUtfU elyp6bbYU4Y cnHCmzfJDFw 5peYI4w1x38 tJafkISEoWg zOgo6I7YAQw m102_mX8Pwg gLmYLOgh40g yGxp1M7SoZA NXkEbDhVshU 7Mxwc3XJuig 4Zo1k6p-jvU IiHerqk_ris ivGRr7so4mk IBAz9VX5r28 QGY4OrmopLY G4R5EOzWRHU
56adb3f2daf94710f8a97d9f80013a0d:40-42,24S1FcZnU0U
9db553f6b7a0b0df3c5d5e137ce8cbf2:91-91,gErv_gbAPRg 0bhlRqtzQdM sW4Ho5igtK0
9db553f6b7a0b0df3c5d5e137ce8cbf2:105-105,0
9db553f6b7a0b0df3c5d5e137ce8cbf2:207-207,0
9db553f6b7a0b0df3c5d5e137ce8cbf2:230-230,0
